S.no,City,Number of Beds,Number of Homes,Province,Population,,
1,altona,65,1,Manitoba,4212,,
2,arborg,40,1,Manitoba,1222,,
3,ashern,20,1,Manitoba,609,,
4,baldur,20,1,Manitoba,337,,
5,beausejour,80,1,Manitoba,3126,,
6,benito,20,1,Manitoba,377,,
7,birtle,20,1,Manitoba,664,,
8,boissevain,62,2,Manitoba,2353,,
9,brandon,597,5,Manitoba,48859,,
10,carberry,36,1,Manitoba,1738,,
11,carman,180,1,Manitoba,3027,,
12,dauphin,160,2,Manitoba,8457,,
13,deloraine,46,2,Manitoba,977,,
14,elkhorn,24,1,Manitoba,471,,
15,emerson,20,1,Manitoba,661,,
16,erickson,16,1,Manitoba,487,,
17,eriksdale,20,1,Manitoba,846,,
18,fisher branch,30,1,Manitoba,460,,
19,flin flon,66,2,Manitoba,5185,,
20,gilbert plains,30,1,Manitoba,2011,,
21,gillam,3,1,Manitoba,1265,,
22,gimli,80,1,Manitoba,6181,,
23,gladstone,50,1,Manitoba,879,,
24,glenboro,20,1,Manitoba,645,,
25,grandview,39,1,Manitoba,859,,
26,grunthal,40,1,Manitoba,1680,,
27,hamiota,30,1,Manitoba,2011,,
28,hartney,20,1,Manitoba,415,,
29,killarney,120,2,Manitoba,505,,
30,lac du bonnet,30,1,Manitoba,3121,,
31,lundar,20,1,Manitoba,496,,
32,lynn lake,8,1,Manitoba,674,,
33,macgregor,20,1,Manitoba,963,,
34,manitou,18,1,Manitoba,818,,
35,mccreary,20,1,Manitoba,2011,,
36,melita,20,1,Manitoba,1042,,
37,minnedosa,50,1,Manitoba,2449,,
38,morden,60,1,Manitoba,8668,,
39,morris,40,1,Manitoba,3047,,
40,neepawa,100,1,Manitoba,4609,,
41,nelson house,24,1,Manitoba,75,,
42,niverville,80,1,Manitoba,4083,,
43,norway house,26,1,Manitoba,461,,
44,notre dame de lourdes,60,1,Manitoba,683,,
45,pilot mound,54,2,Manitoba,635,,
46,portage la prairie,196,2,Manitoba,13304,,
47,reston,20,1,Manitoba,550,,
48,rivers,20,1,Manitoba,1189,,
49,roblin,60,1,Manitoba,932,,
50,rossburn,20,1,Manitoba,2011,,
51,russell,40,1,Manitoba,16520,,
52,sandy lake,36,1,Manitoba,261,,
53,selkirk,271,3,Manitoba,10278,,
54,shoal lake,40,1,Manitoba,714,,
55,snow lake,3,1,Manitoba,723,,
56,souris,42,1,Manitoba,1053,,
57,st. claude,18,1,Manitoba,590,,
58,ste. anne,65,1,Manitoba,5003,,
59,ste. rose du lac,65,1,Manitoba,1023,,
60,steinbach,204,2,Manitoba,15829,,
61,stonewall,50,1,Manitoba,4809,,
62,swan river,115,2,Manitoba,4014,,
63,teulon,20,1,Manitoba,1201,,
64,the pas,60,1,Manitoba,5689,,
65,thompson,35,1,Manitoba,13678,,
66,treherne,22,1,Manitoba,616,,
67,virden,96,2,Manitoba,3114,,
68,vita,44,1,Manitoba,415,,
69,wawanesa,20,1,Manitoba,562,,
70,whitemouth,26,1,Manitoba,317,,
71,winkler,145,1,Manitoba,12660,,
72,winnipeg,5640,39,Manitoba,705244,,
73,alcida,6,2,New Brunswick,218,,
74,atholville,39,1,New Brunswick,3570,,
75,avondale,9,1,New Brunswick,636,,
76,baker brook,19,1,New Brunswick,287,,
77,balmoral,50,2,New Brunswick,1674,,
78,bas-caraquet,64,2,New Brunswick,1380,,
79,bathurst,420,15,New Brunswick,18154,,
80,beresford,59,3,New Brunswick,6248,,
81,berwick,10,1,New Brunswick,2509,,
82,blackville,18,2,New Brunswick,2215,,
83,bloomfield,12,1,New Brunswick,534,,
84,bouctouche,146,8,New Brunswick,2423,,
85,burton,11,1,New Brunswick,5119,,
86,campbellton,220,13,New Brunswick,10411,,
87,caraquet,48,1,New Brunswick,4248,,
88,clair,24,1,New Brunswick,297,,
89,cocagne,50,2,New Brunswick,2649,,
90,dalhousie,90,3,New Brunswick,3126,,
91,dieppe,417,9,New Brunswick,107068,,
92,douglas,10,1,New Brunswick,6154,,
93,drummond,5,1,New Brunswick,2250,,
94,dundee,8,1,New Brunswick,408,,
95,edmundston,429,11,New Brunswick,16580,,
96,eel river crossing,8,1,New Brunswick,1953,,
97,fredericton,268,15,New Brunswick,58220,,
98,gagetown,19,1,New Brunswick,316,,
99,hampstead,3,1,New Brunswick,7153,,
100,hampton,38,3,New Brunswick,4289,,
101,hanwell,26,2,New Brunswick,4750,,
102,hartland,15,2,New Brunswick,947,,
103,hillsborough,52,2,New Brunswick,1308,,
104,inkerman,50,2,New Brunswick,714,,
105,kedgwick,8,1,New Brunswick,1979,,
106,kingston,6,1,New Brunswick,2913,,
107,lac baker,3,1,New Brunswick,719,,
108,lameque,48,1,New Brunswick,1285,,
109,landry office,20,1,New Brunswick,398,,
110,lansdowne,8,1,New Brunswick,723,,
111,laplante,20,2,New Brunswick,312,,
112,maisonnette,8,1,New Brunswick,573,,
113,mcleods,8,1,New Brunswick,381,,
114,memramcook,28,1,New Brunswick,4778,,
115,minto,37,2,New Brunswick,8671,,
116,miramichi,128,11,New Brunswick,17537,,
117,moncton,780,27,New Brunswick,108620,,
118,neguac,66,4,New Brunswick,1684,,
119,norton,10,1,New Brunswick,1382,,
120,oak bay,14,1,New Brunswick,18094,,
121,oromocto,24,1,New Brunswick,9223,,
122,paquetville,8,1,New Brunswick,2329,,
123,pennfield,30,2,New Brunswick,2218,,
124,perth-andover,24,1,New Brunswick,1778,,
125,petitcodiac,22,1,New Brunswick,1383,,
126,petit-rocher,50,2,New Brunswick,1908,,
127,pointe-verte,8,1,New Brunswick,976,,
128,port elgin,10,1,New Brunswick,418,,
129,quispamsis,60,1,New Brunswick,18245,,
130,richibucto,29,2,New Brunswick,1887,,
131,riverview,85,4,New Brunswick,19667,,
132,riviere-a-la-truite,17,1,New Brunswick,395,,
133,robertville,30,1,New Brunswick,895,,
134,rogersville,30,2,New Brunswick,1166,,
135,sackville,33,2,New Brunswick,5331,,
136,saint john,414,34,New Brunswick,67575,,
137,saint-andre,15,3,New Brunswick,1129,,
138,saint-antoine,55,1,New Brunswick,1733,,
139,saint-basile,31,3,New Brunswick,2463,,
140,saint-jacques,8,1,New Brunswick,4021,,
141,saint-quentin,13,2,New Brunswick,2194,,
142,salisbury,62,3,New Brunswick,3388,,
143,shediac,196,4,New Brunswick,6664,,
144,shippagan,69,3,New Brunswick,4800,,
145,st. george,8,1,New Brunswick,1517,,
146,st. stephen,16,2,New Brunswick,4817,,
147,sussex,2,1,New Brunswick,4282,,
148,tracadie,61,2,New Brunswick,16114,,
149,tracadie-sheila,148,6,New Brunswick,4933,,
150,tremblay,10,1,New Brunswick,460,,
151,waterville,10,1,New Brunswick,2028,,
152,wickham,13,1,New Brunswick,2470,,
153,woodstock,26,2,New Brunswick,40902,,
154,amherst,133,5,Nova Scotia,9550,,
155,annapolis royal,54,1,Nova Scotia,481,,
156,antigonish,137,2,Nova Scotia,5002,,
157,argyle,48,1,Nova Scotia,7899,,
158,baddeck,59,1,Nova Scotia,769,,
159,barrington,62,1,Nova Scotia,6646,,
160,bedford,130,1,Nova Scotia,2684,,
161,berwick,142,2,Nova Scotia,2509,,
162,bridgetown,106,1,Nova Scotia,1014,,
163,bridgewater,100,2,Nova Scotia,8532,,
164,brookfield,36,1,Nova Scotia,529,,
165,canso,15,1,Nova Scotia,806,,
166,chester,90,1,Nova Scotia,10310,,
167,enfield,59,2,Nova Scotia,33,,
168,greenwich,50,1,Nova Scotia,1058,,
169,guysborough,51,1,Nova Scotia,403,,
170,halifax,1220,10,Nova Scotia,403131,,
171,inverness,71,1,Nova Scotia,17235,,
172,kentville,181,3,Nova Scotia,12088,,
173,lockeport,36,1,Nova Scotia,588,,
174,lunenburg,144,1,Nova Scotia,2263,,
175,mahone bay,61,1,Nova Scotia,1036,,
176,middleton,50,1,Nova Scotia,1832,,
177,millbrook,27,1,Nova Scotia,847,,
178,new germany,39,1,Nova Scotia,447,,
179,new glasgow,202,3,Nova Scotia,20609,,
180,parrsboro,14,1,Nova Scotia,1205,,
181,pictou,83,2,Nova Scotia,3186,,
182,port hawkesbury,60,1,Nova Scotia,3214,,
183,pugwash,74,1,Nova Scotia,744,,
184,sackville,37,1,Nova Scotia,5331,,
185,sandy point,66,1,Nova Scotia,346,,
186,shelburne,66,1,Nova Scotia,8126,,
187,sherbrooke,39,1,Nova Scotia,161323,,
188,springhill,66,1,Nova Scotia,3868,,
189,stellarton,113,1,Nova Scotia,4208,,
190,tatamagouche,61,2,Nova Scotia,752,,
191,trenton,36,1,Nova Scotia,2474,,
192,truro,256,3,Nova Scotia,12826,,
193,wilmot,2,1,Nova Scotia,20545,,
194,windsor,251,4,Nova Scotia,276165,,
195,wolfville,67,2,Nova Scotia,4195,,
196,yarmouth,105,1,Nova Scotia,6518,,
197,ajax,210,2,Ontario,119677,,
198,akwesasne,50,1,Ontario,1202,,
199,alexandria,70,1,Ontario,52,,
200,amherstburg,128,1,Ontario,21936,,
201,arnprior,60,1,Ontario,8795,,
202,arthur,80,1,Ontario,413,,
203,athens,60,1,Ontario,3013,,
204,atikokan,22,1,Ontario,2753,,
205,aurora,319,2,Ontario,55445,,
206,aylmer,164,2,Ontario,7492,,
207,bancroft,110,1,Ontario,3881,,
208,barrie,1088,9,Ontario,172657,,
209,belleville,469,3,Ontario,50716,,
210,blind river,32,2,Ontario,3472,,
211,bracebridge,160,1,Ontario,16010,,
212,brampton,1601,11,Ontario,593638,,
213,brantford,663,5,Ontario,97496,,
214,brighton,49,1,Ontario,11844,,
215,brockville,331,2,Ontario,21854,,
216,burlington,1287,10,Ontario,183314,,
217,cambridge,841,8,Ontario,129920,,
218,carleton place,60,1,Ontario,11901,,
219,chapleau,18,1,Ontario,1964,,
220,chatham,557,3,Ontario,101647,,
221,chatsworth,34,1,Ontario,6630,,
222,clinton,120,1,Ontario,636,,
223,cobourg,279,3,Ontario,19440,,
224,cochrane,37,1,Ontario,25853,,
225,collingwood,270,3,Ontario,21793,,
226,cornwall,518,5,Ontario,46589,,
227,deep river,31,2,Ontario,4109,,
228,deseronto,60,1,Ontario,1774,,
229,dryden,97,1,Ontario,7749,,
230,dundas,630,3,Ontario,3914,,
231,durham,100,1,Ontario,1076,,
232,elliot lake,64,1,Ontario,10741,,
233,emo,12,1,Ontario,1333,,
234,englehart,48,1,Ontario,1479,,
235,espanola,62,2,Ontario,4996,,
236,essex,104,1,Ontario,20427,,
237,fort erie,244,3,Ontario,30710,,
238,fort frances,154,1,Ontario,7739,,
239,gananoque,104,1,Ontario,5159,,
240,georgetown,196,2,Ontario,169,,
241,gloucester,240,1,Ontario,79943,,
242,goderich,91,1,Ontario,7628,,
243,gore bay,61,1,Ontario,850,,
244,gravenhurst,183,1,Ontario,12311,,
245,grimsby,233,3,Ontario,27314,,
246,guelph,667,5,Ontario,131794,,
247,haliburton,90,2,Ontario,17056,,
248,hamilton,2341,16,Ontario,693645,,
249,hanover,111,2,Ontario,15733,,
250,hawkesbury,146,1,Ontario,10263,,
251,hearst,67,1,Ontario,5070,,
252,hensall,60,1,Ontario,1078,,
253,hornepayne,12,1,Ontario,1050,,
254,huntsville,170,2,Ontario,19816,,
255,ingersoll,114,2,Ontario,12757,,
256,iroquois falls,69,1,Ontario,4537,,
257,jasper,78,1,Ontario,4590,,
258,kapuskasing,137,2,Ontario,8292,,
259,kenora,212,2,Ontario,15096,,
260,kincardine,40,1,Ontario,11389,,
261,kingston,923,5,Ontario,2913,,
262,kingsville,160,1,Ontario,21552,,
263,kirkland lake,181,2,Ontario,7981,,
264,kitchener,1148,7,Ontario,470015,,
265,komoka,120,1,Ontario,1754,,
266,lancaster,60,1,Ontario,730,,
267,leamington,410,3,Ontario,32991,,
268,lion's head,45,1,Ontario,514,,
269,london,2574,15,Ontario,383822,,
270,manitouwadge,9,1,Ontario,1937,,
271,markham,616,4,Ontario,328966,,
272,maryhill,31,1,Ontario,574,,
273,mattawa,72,1,Ontario,1993,,
274,maxville,122,1,Ontario,811,,
275,meaford,77,1,Ontario,10991,,
276,merrickville,60,1,Ontario,3067,,
277,midland,273,2,Ontario,16864,,
278,milton,200,1,Ontario,110128,,
279,mississauga,2553,16,Ontario,721599,,
280,mitchell,131,2,Ontario,2279,,
281,newcastle,88,1,Ontario,1136,,
282,newmarket,487,4,Ontario,84224,,
283,niagara falls,759,6,Ontario,308596,,
284,niagara-on-the-lake,204,2,Ontario,17511,,
285,nipigon,15,1,Ontario,1642,,
286,north bay,388,2,Ontario,51553,,
287,oakville,790,5,Ontario,193832,,
288,orangeville,137,1,Ontario,30734,,
289,orillia,521,4,Ontario,31166,,
290,oshawa,1001,5,Ontario,166000,,
291,ottawa,3132,17,Ontario,989567,,
292,owen sound,338,4,Ontario,31820,,
293,parry sound,211,2,Ontario,6408,,
294,pembroke,297,2,Ontario,13882,,
295,penetanguishene,143,1,Ontario,8962,,
296,perth,284,2,Ontario,5930,,
297,peterborough,817,5,Ontario,82094,,
298,petrolia,253,2,Ontario,5742,,
299,pickering,357,2,Ontario,91771,,
300,plantagenet,60,1,Ontario,1027,,
301,port colborne,150,1,Ontario,18306,,
302,port hope,285,3,Ontario,16753,,
303,powassan,128,1,Ontario,3455,,
304,prescott,60,1,Ontario,3965,,
305,puslinch,28,1,Ontario,7336,,
306,rainy river,21,1,Ontario,20370,,
307,red lake,32,1,Ontario,4107,,
308,renfrew,259,2,Ontario,8223,,
309,richmond hill,656,5,Ontario,195022,,
310,sarnia,708,6,Ontario,71594,,
311,sault ste. marie,790,5,Ontario,73368,,
312,shelburne,220,2,Ontario,8126,,
313,simcoe,349,3,Ontario,446063,,
314,sioux lookout,20,1,Ontario,5272,,
315,smiths falls,75,1,Ontario,8780,,
316,smooth rock falls,20,1,Ontario,1330,,
317,southampton,84,1,Ontario,1484,,
318,southwold,64,1,Ontario,4421,,
319,st. catharines,1199,9,Ontario,309319,,
320,st. marys,122,2,Ontario,7265,,
321,st. thomas,402,4,Ontario,61707,,
322,stirling,75,1,Ontario,1090,,
323,stouffville,241,2,Ontario,45837,,
324,stratford,323,4,Ontario,31465,,
325,sudbury,1166,5,Ontario,88054,,
326,tecumseh,330,3,Ontario,23229,,
327,terrace bay,22,1,Ontario,1611,,
328,thessalon,96,1,Ontario,1279,,
329,thunder bay,1109,6,Ontario,107909,,
330,tillsonburg,137,2,Ontario,15872,,
331,timmins,357,2,Ontario,41788,,
332,toronto,4911,29,Ontario,2794356,,
333,trenton,224,2,Ontario,2474,,
334,tweed,128,1,Ontario,6044,,
335,uxbridge,100,1,Ontario,21176,,
336,vaughan,160,1,Ontario,306233,,
337,wardsville,60,1,Ontario,431,,
338,waterloo,528,4,Ontario,104986,,
339,wawa,22,1,Ontario,2905,,
340,welland,473,5,Ontario,52293,,
341,whitby,454,3,Ontario,128377,,
342,winchester,98,1,Ontario,508,,
343,windsor,1420,9,Ontario,276165,,
344,woodstock,315,2,Ontario,40902,,
345,york,338,2,Ontario,97238,,
346,zurich,65,1,Ontario,865,,
347,alberton,48,1,PEI,1145,,
348,charlottetown,693,8,PEI,42602,,
349,crapaud,36,1,PEI,345,,
350,kensington,30,1,PEI,1619,,
351,montague,49,1,PEI,3761,,
352,o'leary,40,1,PEI,812,,
353,souris,52,1,PEI,1053,,
354,summerside,198,3,PEI,14829,,
355,tyne valley,23,1,PEI,222,,
356,abbotsford,59,11,British Columbia,141397,,
357,burnaby,201,12,British Columbia,232755,,
358,castlegar,4,1,British Columbia,8039,,
359,chilliwack,11,2,British Columbia,83788,,
360,comox,3,2,British Columbia,14828,,
361,coquitlam,39,4,British Columbia,139284,,
362,cranbrook,3,1,British Columbia,19259,,
363,dawson creek,5,2,British Columbia,12978,,
364,delta,29,6,British Columbia,102238,,
365,duncan,1,1,British Columbia,44451,,
366,fort st. john,3,3,British Columbia,20155,,
367,hazelton,1,1,British Columbia,300,,
368,kamloops,19,7,British Columbia,100046,,
369,kelowna,63,9,British Columbia,142146,,
370,langley,92,7,British Columbia,117285,,
371,lumby,1,1,British Columbia,3500,,
372,maple ridge,13,3,British Columbia,82256,,
373,merritt,4,2,British Columbia,7139,,
374,mission,10,3,British Columbia,38833,,
375,nanaimo,4,2,British Columbia,90504,,
376,nelson,2,1,British Columbia,10664,,
377,north vancouver,32,3,British Columbia,85935,,
378,oliver,26,2,British Columbia,4928,,
379,penticton,14,4,British Columbia,33761,,
380,port coquitlam,11,3,British Columbia,58612,,
381,port moody,6,1,British Columbia,33551,,
382,prince george,33,3,British Columbia,74003,,
383,prince rupert,17,1,British Columbia,12220,,
384,qualicum beach,1,1,British Columbia,8943,,
385,richmond,26,3,British Columbia,198309,,
386,richmond hill,1,1,British Columbia,195022,,
387,saanich,5,1,British Columbia,114148,,
388,salmon arm,8,3,British Columbia,17706,,
389,sidney,2,1,British Columbia,11672,,
390,smithers,1,1,British Columbia,5351,,
391,surrey,107,20,British Columbia,517887,,
392,vancouver,197,22,British Columbia,2264823,,
393,vernon,28,5,British Columbia,44600,,
394,victoria,11,5,British Columbia,335696,,
395,west kelowna,14,3,British Columbia,30902,,
396,west vancouver,28,2,British Columbia,42473,,
397,white rock,29,3,British Columbia,82368,,
398,williams lake,4,2,British Columbia,10753,,
399,acton vale,25,2,Quebec,7664,,
400,adstock,1,1,Quebec,2806,,
401,alma,34,9,Quebec,30904,,
402,amos,5,3,Quebec,12823,,
403,amqui,1,1,Quebec,6322,,
404,asbestos,13,2,Quebec,7096,,
405,ayer's cliff,1,1,Quebec,1109,,
406,aylmer,16,2,Quebec,7492,,
407,baie-comeau,9,5,Quebec,21536,,
408,baie-d'urfe,4,1,Quebec,3850,,
409,beaconsfield,11,4,Quebec,19115,,
410,beauceville,6,3,Quebec,6354,,
411,beauharnois,14,3,Quebec,12011,,
412,beaumont,1,1,Quebec,17396,,
413,beauport,54,6,Quebec,7281,,
414,becancour,2,1,Quebec,12438,,repeated
415,bécancour,2,2,Quebec,20081,,
416,bedford,1,1,Quebec,2684,,
417,beloeil,2,1,Quebec,50796,,
418,blainville,24,4,Quebec,56363,,
419,boisbriand,2,1,Quebec,26884,,
420,boischatel,10,2,Quebec,6465,,
421,bois-des-filion,3,1,Quebec,9485,,
422,bonaventure,1,1,Quebec,2775,,
423,boucherville,40,7,Quebec,40753,,
424,brossard,111,7,Quebec,85721,,
425,burnaby,1,1,Quebec,232755,,burnaby is in BC
426,candiac,2,1,Quebec,21047,,
427,chambly,2,1,Quebec,29120,,
428,chandler,8,2,Quebec,7703,,
429,chateauguay,8,4,Quebec,70812,,repeated
430,châteauguay,17,3,Quebec,45904,,
431,chateau-richer,12,1,Quebec,4126,,repeated
432,château-richer,4,1,Quebec,3834,,
433,cheneville,1,1,Quebec,792,,
434,chertsey,1,1,Quebec,4836,,
435,cleveland,1,1,Quebec,1609,,
436,coaticook,11,2,Quebec,8698,,
437,compton,1,1,Quebec,3112,,
438,contrecoeur,3,1,Quebec,6252,,
439,cowansville,25,4,Quebec,12489,,
440,danville,6,1,Quebec,4070,,
441,degelis,2,2,Quebec,3051,,
442,deux-montagnes,1,1,Quebec,17553,,
443,disraeli,4,1,Quebec,2502,,
444,dolbeau-mistassini,23,5,Quebec,14384,,
445,dollard-des-ormeaux,86,3,Quebec,49637,,
446,dorval,63,2,Quebec,18980,,
447,drummondville,111,15,Quebec,68601,,
448,east broughton,9,1,Quebec,2229,,
449,ferme-neuve,1,1,Quebec,2822,,
450,forestville,1,1,Quebec,3270,,
451,fortierville,4,1,Quebec,448,,
452,gaspe,11,3,Quebec,15163,,
453,gatineau,131,23,Quebec,276245,,
454,gracefield,6,1,Quebec,2462,,
455,granby,81,14,Quebec,63433,,
456,ham-nord,1,1,Quebec,832,,
457,hebertville,4,1,Quebec,2441,,
458,hinchinbrooke,1,1,Quebec,2103,,
459,huntingdon,3,1,Quebec,2444,,
460,innisfail,1,1,Quebec,7847,,
461,joliette,85,8,Quebec,19621,,
462,kamouraska,2,1,Quebec,332,,
463,kirkland,3,1,Quebec,20151,,
464,la prairie,15,3,Quebec,23357,,
465,la sarre,2,1,Quebec,7719,,
466,la tuque,4,2,Quebec,11001,,
467,lac-au-saumon,1,1,Quebec,1453,,
468,lac-brome,5,1,Quebec,58889,,population is 5923 on google
469,lac-etchemin,10,1,Quebec,4061,,
470,lachute,28,3,Quebec,12551,,
471,lac-megantic,7,3,Quebec,5932,,
472,lambton,10,2,Quebec,1584,,
473,lanoraie,20,3,Quebec,4787,,
474,lasalle,83,2,Quebec,30180,,
475,l'ascension-de-notre-seigneur,3,2,Quebec,1983,,
476,laval,761,48,Quebec,422993,,
477,lavaltrie,19,2,Quebec,13657,,
478,lebel-sur-quevillon,1,1,Quebec,2159,,
479,l'epiphanie,4,1,Quebec,5353,,
480,levis,68,23,Quebec,150000,,
481,l'ele-perrot,21,2,Quebec,10503,,
482,l'islet,2,1,Quebec,841,,
483,longueuil,178,21,Quebec,239700,,
484,lotbiniere,2,1,Quebec,29617,,
485,louiseville,17,5,Quebec,7517,,
486,lyster,1,1,Quebec,1628,,
487,macamic,3,1,Quebec,2734,,
488,magog,28,8,Quebec,25358,,
489,maniwaki,4,1,Quebec,3930,,
490,mansfield-et-pontefract,1,1,Quebec,2285,,
491,maria,18,4,Quebec,2536,,
492,marieville,47,2,Quebec,10094,,
493,mascouche,42,4,Quebec,42491,,
494,matane,22,4,Quebec,14462,,
495,mcmasterville,2,1,Quebec,5615,,
496,messines,5,1,Quebec,1608,,
497,midland,1,1,Quebec,16864,,
498,mirabel,2,1,Quebec,50513,,
499,montebello,1,1,Quebec,978,,
500,mont-joli,1,1,Quebec,6281,,
501,mont-laurier,13,3,Quebec,13779,,
502,montmagny,10,5,Quebec,11491,,
503,montreal,3229,200,Quebec,3519595,,"current pop is 4.2 mil, may want to take a closer figure"
504,mont-royal,2,1,Quebec,19503,,
505,mont-saint-hilaire,5,2,Quebec,18200,,
506,mont-tremblant,13,1,Quebec,9646,,
507,new carlisle,4,1,Quebec,1388,,
508,new richmond,1,1,Quebec,3810,,
509,nicolet,9,4,Quebec,7828,,
510,normandin,3,2,Quebec,3137,,
511,notre-dame-des-pins,5,1,Quebec,1227,,
512,notre-dame-du-bon-conseil,3,2,Quebec,1404,,
513,ormstown,14,1,Quebec,3595,,
514,pincourt,1,1,Quebec,14558,,
515,pont-rouge,3,1,Quebec,8723,,
516,portneuf,3,2,Quebec,3187,,
517,prevost,1,1,Quebec,12171,,
518,quebec,290,2,Quebec,7903001,,province :D
519,quebec city,769,74,Quebec,705103,,
520,racine,3,1,Quebec,1252,,
521,rawdon,11,4,Quebec,10416,,
522,repentigny,73,8,Quebec,84965,,
523,richelieu,2,2,Quebec,5467,,
524,richmond,4,1,Quebec,198309,,
525,rigaud,8,3,Quebec,7566,,
526,rimouski,11,5,Quebec,48664,,
527,riviere-bleue,2,1,Quebec,1299,,
528,riviere-du-loup,8,6,Quebec,34375,,
529,riviere-rouge,14,1,Quebec,4645,,
530,roberval,5,2,Quebec,10227,,
531,rosemere,17,1,Quebec,14294,,
532,rouyn-noranda,8,2,Quebec,42334,,
533,saguenay,63,9,Quebec,144746,,
534,saint-andre-avellin,20,2,Quebec,3702,,
535,saint-augustin-de-desmaures,47,2,Quebec,18141,,
536,saint-basile-le-grand,23,2,Quebec,16736,,
537,saint-bernard,1,1,Quebec,2131,,
538,saint-cesaire,1,1,Quebec,5686,,
539,saint-charles-borromee,52,6,Quebec,13321,,
540,saint-damase,1,1,Quebec,2506,,
541,sainte-adele,1,1,Quebec,12137,,repeated
542,sainte-adele,1,1,Quebec,12137,,
543,sainte-agathe,3,1,Quebec,611,,may be repeated??
544,sainte-agathe-des-monts,10,2,Quebec,10223,,
545,sainte-anne-de-bellevue,16,1,Quebec,4958,,
546,sainte-catherine,6,4,Quebec,16762,,
547,sainte-claire,4,1,Quebec,3325,,
548,sainte-croix,1,1,Quebec,2352,,
549,sainte-henedine,9,1,Quebec,1212,,
550,sainte-julie,13,2,Quebec,30104,,
551,sainte-justine,4,2,Quebec,1845,,
552,sainte-luce,1,1,Quebec,2851,,
553,sainte-marie,2,1,Quebec,12889,,
554,sainte-marie-salome,21,2,Quebec,1164,,
555,sainte-monique,1,1,Quebec,212,,
556,sainte-thecle,3,1,Quebec,2478,,
557,sainte-therese,89,5,Quebec,26025,,
558,saint-eustache,68,7,Quebec,44154,,
559,saint-fabien-de-panet,2,1,Quebec,992,,
560,saint-felicien,1,1,Quebec,10278,,
561,saint-gabriel,1,1,Quebec,2844,,
562,saint-georges,20,5,Quebec,31173,,
563,saint-hyacinthe,149,9,Quebec,59614,,
564,saint-jean-de-dieu,2,1,Quebec,1606,,
565,saint-jean-de-matha,2,1,Quebec,4335,,
566,saint-jean-sur-richelieu,71,8,Quebec,92394,,
567,saint-jerome,106,11,Quebec,68456,,
568,saint-joseph-de-lepage,5,1,Quebec,527,,
569,saint-lambert,123,8,Quebec,21861,,
570,saint-laurent,11,1,Quebec,215,,
571,saint-leonard-d'aston,3,1,Quebec,982,,
572,saint-liboire,2,1,Quebec,3051,,
573,saint-ludger,3,1,Quebec,1255,,
574,saint-mathieu,5,1,Quebec,1879,,
575,saint-maurice,5,1,Quebec,2775,,
576,saint-michel-des-saints,1,1,Quebec,2436,,
577,saint-ours,2,1,Quebec,1721,,
578,saint-pierre-les-becquets,1,1,Quebec,1223,,
579,saint-raphael,9,1,Quebec,2463,,
580,saint-raymond,9,1,Quebec,9615,,
581,saint-remi,11,3,Quebec,7265,,
582,saint-roch-de-l'achigan,4,1,Quebec,4892,,
583,saint-sauveur,23,3,Quebec,9881,,
584,saint-tite,15,1,Quebec,3880,,
585,saint-victor,13,1,Quebec,2430,,
586,salaberry-de-valleyfield,99,12,Quebec,42410,,
587,selkirk,1,1,Quebec,10278,,
588,senneterre,1,1,Quebec,2953,,
589,sept-iles,6,1,Quebec,28534,,may be repeated??
590,sept-iles,3,3,Quebec,25686,,
591,shawinigan,75,11,Quebec,50060,,
592,sherbrooke,132,22,Quebec,161323,,
593,sorel-tracy,44,8,Quebec,41629,,
594,stratford,1,1,Quebec,31465,,
595,temiscouata-sur-le-lac,1,1,Quebec,5096,,
596,terrebonne,65,6,Quebec,111575,,
597,thetford mines,31,12,Quebec,25709,,
598,tring-jonction,1,1,Quebec,1473,,
599,trois-pistoles,5,2,Quebec,3456,,
600,trois-rivieres,182,23,Quebec,131338,,
601,valcourt,5,1,Quebec,2349,,
602,varennes,24,2,Quebec,20994,,
603,vaudreuil-dorion,37,4,Quebec,38117,,
604,vaudreuil-soulanges,3,2,Quebec,139353,,
605,victoriaville,54,8,Quebec,45309,,
606,ville-marie,1,1,Quebec,2595,,
607,warwick,9,2,Quebec,4766,,
608,waterloo,9,2,Quebec,104986,,population is 4920
609,westmount,21,2,Quebec,19931,,
610,windsor,2,1,Quebec,276165,,"this is the population of windsor, ontario"
611,winnipeg,11,1,Quebec,705244,,
612,baie verte,18,1,Newfoundland,1313,,
613,bonavista,12,2,Newfoundland,3448,,
614,botwood,76,1,Newfoundland,2875,,
615,buchans,18,1,Newfoundland,696,,
616,burgeo,18,1,Newfoundland,1307,,
617,clarenville,56,2,Newfoundland,6291,,
618,corner brook,395,3,Newfoundland,19806,,
619,fogo island,3,1,Newfoundland,2244,,
620,forteau,13,1,Newfoundland,429,,
621,gander,102,1,Newfoundland,11688,,
622,grand bank,61,1,Newfoundland,2310,,
623,grand falls-windsor,79,2,Newfoundland,13725,,
624,happy valley-goose bay,57,1,Newfoundland,7552,,
625,harbour breton,18,1,Newfoundland,1634,,
626,labrador city,14,1,Newfoundland,7220,,
627,lewisporte,51,1,Newfoundland,3409,,
628,norris point,14,1,Newfoundland,685,,
629,placentia,75,1,Newfoundland,3496,,
630,port saunders,22,1,Newfoundland,697,,
631,springdale,132,1,Newfoundland,2971,,
632,st. anthony,47,1,Newfoundland,2258,,
633,st. john's,1083,6,Newfoundland,108860,,
634,stephenville crossing,114,1,Newfoundland,1719,,
635,twillingate,31,1,Newfoundland,2196,,
636,arborfield,35,1,Saskatchewan,326,,
637,assiniboia,60,2,Saskatchewan,2389,,
638,balcarres,44,1,Saskatchewan,617,,
639,battleford,28,3,Saskatchewan,4065,,
640,big river,34,1,Saskatchewan,759,,
641,birch hills,29,1,Saskatchewan,1064,,
642,broadview,35,1,Saskatchewan,574,,
643,cabri,17,1,Saskatchewan,399,,
644,canora,10,1,Saskatchewan,2219,,
645,canwood,29,1,Saskatchewan,348,,
646,carlyle,40,1,Saskatchewan,1503,,
647,carnduff,38,1,Saskatchewan,1126,,
648,carrot river,35,1,Saskatchewan,1000,,
649,central butte,52,2,Saskatchewan,365,,
650,coronach,12,1,Saskatchewan,711,,
651,craik,15,1,Saskatchewan,453,,
652,cudworth,29,1,Saskatchewan,770,,
653,cupar,48,1,Saskatchewan,579,,
654,cut knife,28,1,Saskatchewan,517,,
655,dalmeny,36,1,Saskatchewan,1826,,
656,dinsmore,18,1,Saskatchewan,318,,
657,duck lake,29,1,Saskatchewan,577,,
658,eastend,23,1,Saskatchewan,527,,
659,edam,14,1,Saskatchewan,444,,
660,elrose,30,1,Saskatchewan,477,,
661,esterhazy,52,1,Saskatchewan,2472,,
662,estevan,70,1,Saskatchewan,11258,,
663,eston,31,1,Saskatchewan,1061,,
664,fillmore,19,1,Saskatchewan,255,,
665,foam lake,20,1,Saskatchewan,1123,,
666,fort qu'appelle,50,1,Saskatchewan,1919,,
667,gainsborough,16,1,Saskatchewan,291,,
668,grenfell,33,1,Saskatchewan,1099,,
669,gull lake,33,1,Saskatchewan,989,,
670,hafford,22,1,Saskatchewan,397,,
671,herbert,36,1,Saskatchewan,759,,
672,hudson bay,20,1,Saskatchewan,1504,,
673,humboldt,85,1,Saskatchewan,5869,,
674,imperial,18,1,Saskatchewan,349,,
675,indian head,38,1,Saskatchewan,1910,,
676,invermay,20,1,Saskatchewan,247,,
677,ituna,35,1,Saskatchewan,711,,
678,kamsack,20,1,Saskatchewan,1825,,
679,kelvington,45,1,Saskatchewan,890,,
680,kerrobert,30,1,Saskatchewan,1061,,
681,kindersley,79,1,Saskatchewan,4597,,
682,kinistino,30,1,Saskatchewan,743,,
683,kipling,32,1,Saskatchewan,1140,,
684,kyle,17,1,Saskatchewan,437,,
685,la loche,5,1,Saskatchewan,2827,,
686,la ronge,14,1,Saskatchewan,5671,,
687,lafleche,16,1,Saskatchewan,406,,
688,lampman,19,1,Saskatchewan,713,,
689,langham,17,1,Saskatchewan,1496,,
690,lanigan,35,1,Saskatchewan,1233,,
691,leader,122,2,Saskatchewan,821,,
692,leask,29,1,Saskatchewan,413,,
693,leoville,16,1,Saskatchewan,366,,
694,leroy,38,1,Saskatchewan,427,,
695,lestock,10,1,Saskatchewan,125,,
696,lloydminster,60,3,Saskatchewan,31410,,
697,lumsden,30,1,Saskatchewan,1824,,
698,macklin,22,1,Saskatchewan,1415,,
699,maidstone,24,1,Saskatchewan,1156,,
700,mankota,15,1,Saskatchewan,211,,
701,maple creek,45,1,Saskatchewan,2084,,
702,meadow lake,55,1,Saskatchewan,5344,,
703,melfort,103,1,Saskatchewan,5992,,
704,melville,80,1,Saskatchewan,4562,,
705,midale,15,1,Saskatchewan,562,,
706,middle lake,36,1,Saskatchewan,242,,
707,montmartre,16,1,Saskatchewan,476,,
708,moose jaw,330,3,Saskatchewan,33890,,
709,moosomin,58,1,Saskatchewan,2485,,
710,nipawin,95,1,Saskatchewan,4401,,
711,nokomis,14,1,Saskatchewan,397,,
712,norquay,30,1,Saskatchewan,435,,
713,outlook,45,1,Saskatchewan,2279,,
714,oxbow,12,1,Saskatchewan,1328,,
715,porcupine plain,38,1,Saskatchewan,855,,
716,preeceville,38,1,Saskatchewan,1070,,
717,radville,25,1,Saskatchewan,860,,
718,raymore,29,1,Saskatchewan,568,,
719,redvers,23,1,Saskatchewan,975,,
720,regina,1319,9,Saskatchewan,215106,,
721,rockglen,17,1,Saskatchewan,400,,
722,rosetown,54,1,Saskatchewan,2451,,
723,rosthern,68,1,Saskatchewan,1688,,
724,saltcoats,30,1,Saskatchewan,474,,
725,saskatoon,1833,16,Saskatchewan,246376,,
726,shaunavon,41,1,Saskatchewan,1699,,
727,shellbrook,33,1,Saskatchewan,1444,,
728,spiritwood,43,1,Saskatchewan,916,,
729,st. brieux,29,1,Saskatchewan,590,,
730,st. walburg,28,1,Saskatchewan,716,,
731,stoughton,30,1,Saskatchewan,694,,
732,strasbourg,38,1,Saskatchewan,752,,
733,swift current,225,1,Saskatchewan,16604,,
734,theodore,19,1,Saskatchewan,345,,
735,tisdale,72,1,Saskatchewan,3180,,
736,turtleford,20,1,Saskatchewan,525,,
737,unity,32,1,Saskatchewan,2573,,
738,wadena,45,1,Saskatchewan,1306,,
739,wakaw,46,1,Saskatchewan,985,,
740,warman,31,1,Saskatchewan,11020,,
741,watrous,43,1,Saskatchewan,1900,,
742,watson,51,1,Saskatchewan,777,,
743,wawota,29,1,Saskatchewan,560,,
744,weyburn,208,2,Saskatchewan,10870,,
745,whitewood,30,1,Saskatchewan,950,,
746,wilkie,29,1,Saskatchewan,1301,,
747,wolseley,78,1,Saskatchewan,864,,
748,wynyard,57,1,Saskatchewan,1767,,
749,yorkton,93,1,Saskatchewan,16343,,
750,airdrie,74,2,Alberta,61581,,
751,athabasca,100,2,Alberta,2965,,
752,banff,47,1,Alberta,7847,,
753,barrhead,176,5,Alberta,4579,,
754,bashaw,30,2,Alberta,873,,
755,bassano,12,1,Alberta,1206,,
756,beaumont,46,1,Alberta,17396,,
757,beaverlodge,18,1,Alberta,2465,,
758,bentley,16,1,Alberta,1078,,
759,black diamond,45,1,Alberta,2700,,
760,blackfoot,6,1,Alberta,269,,
761,bonnyville,133,4,Alberta,5975,,
762,bow island,50,2,Alberta,1983,,
763,boyle,20,1,Alberta,916,,
764,breton,23,1,Alberta,496,,
765,brooks,161,3,Alberta,14451,,
766,calgary,8058,91,Alberta,1239220,,
767,camrose,458,9,Alberta,18742,,
768,canmore,23,2,Alberta,13992,,
769,cardston,146,3,Alberta,3585,,
770,castor,27,1,Alberta,932,,
771,claresholm,100,4,Alberta,3780,,
772,coaldale,89,2,Alberta,8215,,
773,cochrane,78,2,Alberta,25853,,
774,cold lake,97,2,Alberta,14961,,
775,consort,20,1,Alberta,689,,
776,coronation,52,1,Alberta,947,,
777,daysland,42,2,Alberta,807,,
778,desmarais,10,1,Alberta,138,,
779,devon,24,1,Alberta,6578,,
780,didsbury,167,3,Alberta,5268,,
781,drayton valley,114,4,Alberta,7235,,
782,drumheller,174,4,Alberta,7982,,
783,eckville,15,1,Alberta,1125,,
784,edmonton,10293,92,Alberta,1062643,,
785,edson,108,2,Alberta,8414,,
786,elk point,52,2,Alberta,1452,,
787,evansburg,40,1,Alberta,880,,
788,fairview,92,1,Alberta,162,,
789,fort macleod,68,3,Alberta,2967,,
790,fort saskatchewan,121,2,Alberta,24149,,
791,fort vermilion,34,1,Alberta,727,,
792,fox creek,4,1,Alberta,1971,,
793,galahad,20,1,Alberta,119,,
794,grande cache,27,2,Alberta,3571,,
795,grande prairie,575,7,Alberta,63166,,
796,grimshaw,76,2,Alberta,2718,,
797,hanna,78,1,Alberta,2559,,
798,hardisty,20,1,Alberta,639,,
799,high level,45,2,Alberta,3159,,
800,high prairie,78,3,Alberta,2564,,
801,high river,185,3,Alberta,13584,,
802,hinton,75,3,Alberta,9882,,
803,hythe,31,1,Alberta,820,,
804,innisfail,208,2,Alberta,7847,,
805,islay,20,1,Alberta,208,,
806,jasper,27,2,Alberta,4590,,
807,killam,50,1,Alberta,981,,
808,la crete,77,3,Alberta,523,,
809,lac la biche,64,1,Alberta,2520,,
810,lacombe,221,2,Alberta,13057,,
811,lamont,120,1,Alberta,1774,,
812,leduc,329,4,Alberta,29993,,
813,lethbridge,1425,17,Alberta,92729,,
814,linden,37,1,Alberta,725,,
815,lloydminster,170,3,Alberta,31410,,
816,magrath,35,2,Alberta,2374,,
817,manning,27,1,Alberta,1183,,
818,mannville,23,1,Alberta,803,,
819,mayerthorpe,120,3,Alberta,1320,,
820,mclennan,77,2,Alberta,809,,
821,medicine hat,964,14,Alberta,63260,,
822,milk river,34,2,Alberta,811,,
823,morinville,74,1,Alberta,9848,,
824,mundare,30,1,Alberta,855,,
825,myrnam,9,1,Alberta,370,,
826,nanton,38,1,Alberta,2181,,
827,okotoks,200,4,Alberta,28881,,
828,olds,163,3,Alberta,9184,,
829,onoway,15,1,Alberta,1029,,
830,oyen,40,1,Alberta,1001,,
831,peace river,113,3,Alberta,6842,,
832,pincher creek,94,2,Alberta,3642,,
833,ponoka,480,4,Alberta,7229,,
834,provost,62,1,Alberta,1998,,
835,radway,30,1,Alberta,162,,
836,rainbow lake,2,1,Alberta,870,,
837,raymond,102,2,Alberta,3708,,
838,red deer,1112,12,Alberta,100418,,
839,redwater,21,1,Alberta,2053,,
840,rimbey,107,1,Alberta,2567,,
841,slave lake,97,4,Alberta,6651,,
842,smoky lake,63,2,Alberta,1022,,
843,spirit river,28,1,Alberta,1025,,
844,st. albert,826,8,Alberta,65589,,
845,st. paul,11,1,Alberta,5827,,
846,stettler,164,2,Alberta,5952,,
847,stony plain,255,3,Alberta,17189,,
848,strathmore,188,2,Alberta,13756,,
849,sundre,63,2,Alberta,2729,,
850,swan hills,4,1,Alberta,1301,,
851,sylvan lake,61,2,Alberta,14816,,
852,taber,154,3,Alberta,8428,,
853,three hills,60,2,Alberta,3212,,
854,tofield,66,1,Alberta,2081,,
855,trochu,28,1,Alberta,1058,,
856,two hills,83,1,Alberta,1352,,
857,valleyview,45,1,Alberta,1863,,
858,vegreville,182,5,Alberta,5708,,
859,vermilion,113,2,Alberta,4084,,
860,viking,76,2,Alberta,1083,,
861,villeneuve,32,1,Alberta,136,,
862,vilna,12,1,Alberta,249,,
863,vulcan,69,2,Alberta,1917,,
864,wainwright,153,2,Alberta,6270,,
865,westlock,212,2,Alberta,5101,,
866,wetaskiwin,297,5,Alberta,12655,,
867,whitecourt,37,2,Alberta,1082,,
